xAccl,yAccl,zAccl,newPosition,time,pcTime
986,-18,-139,0,346578,440.01102447509766
1004,-9,-20,0,371496,464.95580673217773
852,33,187,0,396496,490.05699157714844
977,-134,298,0,421500,514.9848461151123
498,88,594,0,446507,540.0047302246094
316,109,787,0,471510,564.9538040161133
-77,83,873,0,496515,590.0390148162842
-139,-6,866,0,521521,614.9539947509766
-486,-16,756,0,546522,640.0628089904785
-803,245,637,0,571525,664.9830341339111
-1101,203,439,0,596533,690.0019645690918
-883,58,163,0,621540,714.9548530578613
-991,-29,-51,0,646547,740.0088310241699
-1179,-364,-724,0,671551,765.1069164276123
-954,122,-297,0,696559,790.0049686431885
-1031,114,-420,0,721562,815.0367736816406
-950,87,-543,0,746569,839.9369716644287
-889,124,-602,0,771572,865.0150299072266
-841,174,-531,0,796573,889.9519443511963
-876,102,-640,0,821577,915.0028228759766
-783,99,-658,0,846584,940.0026798248291
-820,118,-673,0,871588,964.9689197540283
-837,129,-646,0,896588,989.9828433990479
-850,110,-633,0,921592,1014.9717330932617
-878,166,-583,0,946599,1040.0009155273438
-906,109,-453,0,971602,1064.9738311767578
-966,202,-354,0,996610,1089.9629592895508
-937,142,-336,0,1021613,1114.8769855499268
-588,179,-63,0,1046620,1139.9807929992676
-998,186,-3,0,1071624,1164.9417877197266
-956,314,194,0,1096624,1190.0129318237305
-819,43,282,0,1121628,1215.0018215179443
-933,132,445,0,1146628,1240.0109767913818
-743,65,586,0,1171635,1264.9517059326172
-277,139,839,0,1196643,1290.0700569152832
-198,25,853,0,1221650,1314.9728775024414
163,36,864,0,1246657,1339.9927616119385
296,68,836,0,1271665,1364.9208545684814
1051,142,774,0,1296669,1389.9867534637451
633,-335,252,0,1321672,1414.95680809021
676,-58,266,0,1346679,1440.000057220459
1061,-20,198,0,1371687,1464.9598598480225
1228,-149,-7,0,1396694,1489.9530410766602
982,-61,-149,0,1421701,1514.946699142456
1063,-68,-271,0,1446701,1539.9596691131592
991,-47,-347,0,1471708,1564.943790435791
938,-61,-446,0,1496712,1589.9848937988281
940,-49,-463,0,1521716,1614.9468421936035
977,-28,-478,0,1546723,1639.9998664855957
898,-25,-516,0,1571731,1664.9510860443115
888,-16,-510,0,1596738,1689.9430751800537
845,77,-439,0,1621738,1714.932918548584
931,-56,-432,0,1646746,1739.9439811706543
1020,-86,-421,0,1671749,1764.9898529052734
937,19,-319,0,1696756,1789.9327278137207
1114,-42,-117,0,1721759,1814.9759769439697
1063,-56,-131,0,1746763,1839.9958610534668
995,-86,10,0,1771767,1864.985704421997
1019,-5,197,0,1796771,1889.967918395996
1057,-29,400,0,1821774,1914.9959087371826
698,8,590,0,1846782,1940.02103805542
702,-82,686,0,1871786,1964.9829864501953
439,78,851,0,1896787,1989.9578094482422
148,-13,852,0,1921794,2014.9688720703125
-327,54,901,0,1946804,2039.9558544158936
-933,293,910,0,1971809,2064.955949783325
-812,127,708,0,1996815,2089.9949073791504
-882,130,498,0,2021821,2115.003824234009
-840,110,269,0,2046824,2139.976978302002
-628,105,285,0,2071825,2164.9818420410156
-1030,121,22,0,2096828,2189.9867057800293
-1075,135,-72,0,2121835,2214.9298191070557
-1115,162,-164,0,2146835,2239.9230003356934
-1020,120,-250,0,2171839,2264.941692352295
-1051,175,-296,0,2196843,2289.95680809021
-1031,144,-307,0,2221849,2314.985990524292
-1043,142,-316,0,2246857,2339.9670124053955
-1014,147,-294,0,2271865,2365.018844604492
-1061,166,-247,0,2296868,2389.954090118408
-971,164,-212,0,2321876,2414.9558544158936
-1066,178,-70,0,2346883,2439.9759769439697
-1150,181,-54,0,2371890,2464.9758338928223
-1124,43,-84,0,2396894,2489.961862564087
-1002,171,254,0,2421898,2514.9786472320557
-855,80,339,0,2446901,2539.94083404541
-777,105,527,0,2471911,2564.952850341797
-692,91,675,0,2496916,2589.923858642578
-396,55,771,0,2521916,2614.9539947509766
43,81,880,0,2546923,2639.9989128112793
37,24,936,0,2571930,2664.9868488311768
247,65,827,0,2596931,2689.98384475708
0,-221,711,0,2621937,2714.996814727783
769,-20,688,0,2646938,2740.083932876587
845,-5,471,0,2671942,2765.070676803589
860,-47,305,0,2696946,2789.9699211120605
1278,-215,-8,0,2721952,2815.0808811187744
962,-241,-49,0,2746960,2840.0049209594727
1023,-82,-54,0,2771967,2865.090847015381
1087,-59,-138,0,2796967,2889.9948596954346
1031,-83,-197,0,2821974,2915.0309562683105
1003,-76,-218,0,2846978,2940.0126934051514
1013,-38,-210,0,2871985,2965.009927749634
1131,-85,-245,0,2896997,2989.9909496307373
1044,-60,-183,0,2921999,3015.0039196014404
1131,-141,-189,0,2947008,3041.1016941070557
1075,-60,-75,0,2972014,3065.026044845581
988,-108,45,0,2997015,3090.0826454162598
923,54,146,0,3022019,3115.039825439453
972,-9,278,0,3047025,3140.0599479675293
886,-53,401,0,3072035,3165.06290435791
764,-107,517,0,3097040,3190.0627613067627
685,-50,720,0,3122049,3214.951992034912
348,-2,794,0,3147058,3239.9868965148926
-370,33,947,0,3172060,3265.0139331817627
14,-35,886,0,3197067,3290.057897567749
127,232,936,0,3222068,3315.020799636841
-464,55,812,0,3247071,3339.9360179901123
-831,173,737,0,3272078,3365.0307655334473
-971,190,541,0,3297085,3389.9829387664795
-842,605,111,0,3322092,3415.052652359009
-1039,106,121,0,3347096,3441.0150051116943
-1081,115,83,0,3372103,3465.165853500366
-1058,130,10,0,3397107,3490.0667667388916
-1075,151,-6,0,3422115,3516.0279273986816
-1094,141,-37,0,3447119,3541.0587787628174
-1085,121,-62,0,3472126,3566.0698413848877
-1082,147,-87,0,3497129,3591.1149978637695
-1119,166,-35,0,3522133,3615.971803665161
-1048,162,-32,0,3547140,3640.967845916748
-1075,192,64,0,3572143,3665.8999919891357
-995,203,149,0,3597148,3690.8628940582275
-1032,87,198,0,3622152,3715.972900390625
-763,157,418,0,3647159,3740.9160137176514
-818,212,567,0,3672166,3765.972852706909
-644,71,646,0,3697173,3789.991855621338
-524,68,713,0,3722177,3815.035820007324
-511,95,866,0,3747181,3840.045690536499
-818,-168,748,0,3772188,3866.01185798645
158,-2,927,0,3797191,3890.0177478790283
337,-8,842,0,3822196,3914.949893951416
469,-281,901,0,3847199,3940.995693206787
765,79,815,0,3872203,3965.0418758392334
766,-128,534,0,3897207,3991.0409450531006
516,-718,816,0,3922209,4016.037940979004
1191,-109,176,0,3947214,4040.895938873291
996,-74,205,0,3972217,4065.870761871338
1071,-103,103,0,3997222,4090.986967086792
1035,-69,62,0,4022232,4115.916728973389
1089,-55,24,0,4047236,4140.976905822754
1045,-89,-12,0,4072243,4165.948867797852
1079,-146,-110,0,4097245,4190.922975540161
992,-48,49,0,4122249,4215.169906616211
999,-47,96,0,4147256,4240.26083946228
938,-61,179,0,4172265,4265.980958938599
1068,-72,228,0,4197268,4290.971755981445
1055,-131,348,0,4222270,4316.044807434082
853,-162,377,0,4247276,4340.991973876953
1129,232,675,0,4272276,4365.913867950439
680,-40,700,0,4297280,4390.933036804199
544,-18,809,0,4322283,4415.9228801727295
266,-48,873,0,4347283,4440.948963165283
130,10,890,0,4372291,4464.946985244751
-260,97,980,0,4397294,4491.038799285889
-510,183,902,0,4422298,4515.983819961548
-564,76,796,0,4447305,4540.9417152404785
-768,101,687,0,4472313,4566.011905670166
-940,154,532,0,4497320,4591.0139083862305
-933,132,429,0,4522320,4616.0478591918945
-452,83,360,0,4547327,4641.081809997559
-1053,94,234,0,4572335,4665.968894958496
-1093,145,183,0,4597342,4691.1327838897705
-1098,141,142,0,4622345,4715.993881225586
-1045,137,105,0,4647353,4741.014003753662
-1099,161,131,0,4672356,4766.00193977356
-1076,153,153,0,4697368,4791.056871414185
-1068,155,193,0,4722368,4816.072940826416
-811,14,218,0,4747368,4841.0539627075195
-982,-427,176,0,4772374,4866.093873977661
-932,196,453,0,4797375,4891.027927398682
-2048,374,574,0,4822382,4916.103839874268
-694,138,650,0,4847390,4941.009759902954
-495,81,794,0,4872397,4966.085910797119
-363,14,818,0,4897405,4991.076707839966
-106,58,926,0,4922412,5016.085863113403
-205,52,971,0,4947412,5041.043996810913
84,-1,917,0,4972415,5065.095901489258
252,-29,870,0,4997423,5091.169834136963
622,-64,794,0,5022430,5115.991830825806
1033,-107,649,0,5047430,5141.053915023804
841,-35,584,0,5072433,5165.965795516968
834,-38,456,0,5097441,5190.8628940582275
1003,-96,290,0,5122444,5215.909719467163
1107,-53,395,0,5147452,5240.893840789795
976,-85,186,0,5172460,5265.943765640259
1033,-67,193,0,5197466,5290.955066680908
1052,-82,157,0,5222474,5316.122770309448
1033,-95,145,0,5247481,5341.142892837524
1102,-58,239,0,5272489,5366.049766540527
1003,-90,312,0,5297496,5391.148090362549
947,-31,338,0,5322503,5416.258096694946
970,-77,395,0,5347511,5441.0459995269775
975,-138,452,0,5372518,5466.073751449585
436,75,764,0,5397526,5491.016864776611
841,50,766,0,5422533,5516.150951385498
852,-254,708,0,5447537,5541.023015975952
331,-92,859,0,5472539,5565.969944000244
90,43,952,0,5497540,5591.068983078003
-60,67,955,0,5522544,5616.049766540527
-211,-4,924,0,5547544,5641.176700592041
-434,39,878,0,5572547,5666.075944900513
-645,103,810,0,5597554,5691.059827804565
-756,109,677,0,5622562,5716.119050979614
-782,116,575,0,5647569,5741.017818450928
-937,101,483,0,5672576,5766.13187789917
-833,84,419,0,5697584,5791.04471206665
-1177,84,335,0,5722592,5815.956830978394
-999,132,293,0,5747599,5841.055870056152
-1041,128,253,0,5772606,5865.991830825806
-1019,145,269,0,5797606,5891.057968139648
-1192,92,130,0,5822609,5916.167974472046
-1061,132,285,0,5847617,5941.004753112793
-1077,119,278,0,5872624,5966.173887252808
-1009,126,433,0,5897632,5991.009712219238
-857,151,618,0,5922639,6016.090869903564
-792,95,587,0,5947646,6040.976762771606
-862,87,710,0,5972654,6066.012859344482
-560,141,840,0,5997661,6091.142892837524
-388,88,899,0,6022668,6116.067886352539
-240,-10,896,0,6047676,6141.1237716674805
21,63,953,0,6072680,6166.042804718018
174,24,941,0,6097683,6191.14089012146
326,-10,905,0,6122686,6216.049909591675
305,-15,788,0,6147694,6241.019725799561
675,-46,725,0,6172701,6266.027927398682
697,-49,621,0,6197708,6290.987968444824
886,-96,509,0,6222716,6316.076040267944
861,-61,448,0,6247723,6341.153621673584
839,-32,388,0,6272731,6366.039752960205
995,-57,365,0,6297738,6391.091823577881
1015,-76,303,0,6322738,6416.080951690674
1003,-83,283,0,6347746,6441.16997718811
1004,-75,296,0,6372748,6466.025829315186
1000,-89,321,0,6397756,6491.010665893555
980,-63,396,0,6422764,6516.0558223724365
919,-59,429,0,6447771,6541.056871414185
891,-80,492,0,6472778,6566.242694854736
685,-90,620,0,6497782,6591.058969497681
758,-40,683,0,6522791,6616.075038909912
614,-64,779,0,6547798,6641.106843948364
375,19,860,0,6572804,6666.100978851318
262,-64,936,0,6597809,6691.032886505127
-22,26,948,0,6622815,6716.053009033203
-326,74,976,0,6647821,6741.052865982056
-423,226,962,0,6672827,6766.011953353882
-560,106,873,0,6697831,6791.043758392334
-655,95,795,0,6722839,6816.16473197937
-716,106,685,0,6747843,6840.965747833252
-824,108,596,0,6772849,6866.117715835571
-1051,103,520,0,6797854,6891.0017013549805
-976,122,438,0,6822860,6916.087865829468
-1032,115,406,0,6847864,6940.998792648315
-1012,140,375,0,6872871,6966.105699539185
-1020,140,368,0,6897873,6991.130828857422
-1043,121,357,0,6922879,7016.1638259887695
-988,114,429,0,6947886,7041.115760803223
-979,124,434,0,6972893,7066.190719604492
-940,126,509,0,6997894,7091.063022613525
-887,124,580,0,7022901,7116.151809692383
-681,113,668,0,7047904,7141.078948974609
-676,128,787,0,7072905,7166.17488861084
-517,43,837,0,7097911,7191.0719871521
-406,41,891,0,7122916,7216.035842895508
-270,13,946,0,7147923,7241.096973419189
-27,-19,978,0,7172927,7266.111850738525
193,-17,948,0,7197934,7291.164875030518
383,24,922,0,7222938,7316.194772720337
494,-26,843,0,7247942,7341.008901596069
607,-2,821,0,7272949,7366.207838058472
798,-62,671,0,7297953,7391.089916229248
754,-82,586,0,7322959,7415.964841842651
922,-45,537,0,7347963,7440.905809402466
909,-81,461,0,7372967,7465.954780578613
952,-74,436,0,7397971,7491.048812866211
986,-92,405,0,7422978,7515.950679779053
960,-83,384,0,7447986,7541.091680526733
964,-83,394,0,7472993,7566.094875335693
958,-86,440,0,7497999,7591.054677963257
910,-61,481,0,7523008,7616.016864776611
898,-110,567,0,7548016,7641.085863113403
797,108,646,0,7573019,7666.218996047974
679,-19,723,0,7598024,7691.139698028564
747,-93,743,0,7623035,7716.153860092163
448,66,886,0,7648038,7741.1298751831055
327,-28,896,0,7673040,7766.190767288208
88,25,935,0,7698040,7791.119813919067
-120,118,1004,0,7723046,7816.258668899536
-205,51,958,0,7748049,7841.120958328247
-412,139,942,0,7773051,7866.2426471710205
-531,54,868,0,7798059,7891.064882278442
-594,102,793,0,7823062,7916.144847869873
-825,132,704,0,7848068,7941.089630126953
-846,118,632,0,7873068,7966.300964355469
-807,66,567,0,7898074,7991.127014160156
-914,110,503,0,7923081,8016.21675491333
-930,114,477,0,7948089,8041.043996810913
-944,117,459,0,7973096,8065.961837768555
-949,123,473,0,7998096,8090.9788608551025
-904,192,540,0,8023100,8116.0619258880615
-861,116,535,0,8048107,8141.105890274048
-906,91,541,0,8073114,8166.21994972229
-833,133,613,0,8098118,8191.1139488220215
-734,101,698,0,8123126,8216.181993484497
-688,88,779,0,8148133,8241.08076095581
-535,80,846,0,8173140,8265.91181755066
-421,44,875,0,8198144,8290.950775146484
-253,57,959,0,8223151,8316.048860549927
-175,1,947,0,8248155,8341.072797775269
3,-15,965,0,8273162,8366.1048412323
257,-1,919,0,8298166,8391.100883483887
464,-34,901,0,8323173,8416.130781173706
498,-105,804,0,8348177,8441.135883331299
420,-48,727,0,8373184,8466.034889221191
759,-59,694,0,8398191,8491.067886352539
844,-58,589,0,8423196,8516.219854354858
897,-87,546,0,8448199,8541.094779968262
904,-105,504,0,8473206,8566.027879714966
912,-94,486,0,8498210,8591.078758239746
895,-83,463,0,8523217,8615.9827709198
931,-94,475,0,8548222,8641.111850738525
910,-82,510,0,8573228,8666.087865829468
852,-85,551,0,8598233,8691.130876541138
820,-85,586,0,8623239,8716.233015060425
708,-57,669,0,8648243,8741.083860397339
684,-64,733,0,8673248,8766.212701797485
589,-52,809,0,8698256,8791.144847869873
366,-41,881,0,8723261,8816.134929656982
368,22,940,0,8748264,8841.094970703125
101,-11,952,0,8773267,8866.126775741577
-118,47,999,0,8798276,8891.07894897461
-227,64,977,0,8823276,8916.268825531006
-441,123,968,0,8848283,8941.933870315552
-431,55,870,0,8873290,8966.135740280151
-630,75,832,0,8898298,8991.118669509888
-770,137,750,0,8923306,9017.090797424316
-757,117,687,0,8948313,9041.993856430054
-794,95,628,0,8973316,9066.214799880981
-844,131,607,0,8998320,9092.1049118042
-912,122,542,0,9023323,9117.04397201538
-925,133,546,0,9048331,9142.212867736816
-929,120,562,0,9073334,9167.06895828247
-809,126,603,0,9098342,9191.999912261963
-823,104,616,0,9123349,9217.085838317871
-824,105,652,0,9148356,9242.117881774902
-850,97,667,0,9173368,9267.05002784729
-682,115,746,0,9198368,9292.069911956787
-625,91,825,0,9223371,9317.068815231323
-443,56,874,0,9248372,9342.05174446106
-458,54,941,0,9273378,9366.951942443848
-85,-4,971,0,9298386,9391.15595817566
-22,9,990,0,9323393,9415.989875793457
128,-2,979,0,9348401,9440.878868103027
278,-66,913,0,9373408,9467.001676559448
407,-14,899,0,9398415,9491.904973983765
357,-38,825,0,9423423,9516.978979110718
718,-61,751,0,9448430,9541.976690292358
777,-68,723,0,9473438,9567.025899887085
809,-87,651,0,9498445,9592.164754867554
873,-75,616,0,9523452,9617.113828659058
846,-73,597,0,9548452,9642.1377658844
903,-75,541,0,9573460,9667.162895202637
873,-68,579,0,9598466,9692.08288192749
882,-74,576,0,9623474,9717.08083152771
854,-72,599,0,9648481,9742.141962051392
799,-88,630,0,9673489,9767.145872116089
723,-85,685,0,9698496,9791.94688796997
741,-90,722,0,9723496,9817.133665084839
621,-60,791,0,9748503,9842.058897018433
488,-37,871,0,9773510,9867.063760757446
414,-45,883,0,9798518,9892.110824584961
190,-12,949,0,9823525,9917.120933532715
139,-25,965,0,9848533,9942.035913467407
-41,-32,923,0,9873540,9967.100858688354
-423,-16,910,0,9898543,9992.065906524658
-397,62,892,0,9923547,10017.066955566406
-458,29,854,0,9948547,10042.117834091187
-518,31,804,0,9973554,10067.076921463013
-737,116,761,0,9998562,10091.937065124512
-801,104,698,0,10023565,10117.10000038147
-810,103,662,0,10048566,10141.932725906372
-844,103,627,0,10073569,10167.05584526062
-857,110,615,0,10098569,10192.019939422607
-856,109,616,0,10123577,10217.067956924438
-837,133,613,0,10148584,10242.093801498413
-824,105,645,0,10173588,10267.07673072815
-795,127,685,0,10198595,10292.183637619019
-873,94,702,0,10223602,10317.183017730713
-752,92,775,0,10248602,10342.057943344116
-562,88,849,0,10273609,10367.153882980347
-474,53,895,0,10298610,10392.096042633057
-294,30,934,0,10323613,10417.068004608154
-106,29,950,0,10348613,10442.06690788269
-85,36,998,0,10373620,10467.130899429321
95,21,987,0,10398628,10492.098808288574
190,-34,958,0,10423635,10517.035007476807
231,-22,932,0,10448643,10542.10877418518
422,-18,872,0,10473646,10567.16275215149
467,-12,830,0,10498646,10592.033624649048
629,-60,766,0,10523649,10617.069721221924
716,-78,709,0,10548650,10641.983985900879
743,-53,689,0,10573657,10667.102813720703
815,-76,649,0,10598665,10692.125797271729
825,-75,630,0,10623672,10717.100858688354
806,-68,644,0,10648679,10742.100954055786
798,-49,644,0,10673687,10767.074823379517
809,-78,652,0,10698694,10792.078733444214
767,-58,719,0,10723702,10817.11483001709
679,-56,748,0,10748705,10842.013835906982
661,-74,775,0,10773708,10867.041826248169
533,-56,826,0,10798716,10892.063856124878
418,-25,895,0,10823719,10917.104721069336
308,-43,931,0,10848727,10942.139863967896
160,-6,951,0,10873730,10967.106103897095
78,9,979,0,10898738,10992.039918899536
116,-5,968,0,10923746,11017.077922821045
-122,-87,911,0,10948752,11042.060852050781
-357,37,901,0,10973760,11067.078828811646
-474,45,895,0,10998767,11092.083930969238
-581,89,857,0,11023774,11117.040872573853
-719,86,790,0,11048782,11142.098903656006
-739,105,757,0,11073791,11167.086839675903
-811,90,716,0,11098798,11192.0907497406
-789,95,684,0,11123804,11217.077016830444
-812,105,675,0,11148805,11242.158889770508
-805,106,686,0,11173814,11267.062902450562
-767,90,674,0,11198821,11292.165756225586
-805,90,704,0,11223828,11317.03495979309
-732,86,740,0,11248831,11342.171907424927
-633,93,799,0,11273839,11367.024898529053
-568,73,829,0,11298843,11392.093896865845
-504,71,885,0,11323849,11417.14882850647
-446,103,923,0,11348854,11442.13581085205
-260,3,938,0,11373860,11467.067956924438
-225,38,974,0,11398861,11492.08402633667
-32,-4,989,0,11423868,11517.040729522705
79,-120,932,0,11448873,11541.983842849731
225,-6,959,0,11473875,11567.015886306763
323,-18,933,0,11498880,11591.99595451355
513,-30,883,0,11523886,11617.033004760742
566,-34,870,0,11548890,11642.033815383911
633,-38,809,0,11573897,11667.052030563354
733,-47,769,0,11598901,11692.274808883667
741,-52,726,0,11623905,11717.067003250122
776,-66,694,0,11648911,11742.106914520264
765,-65,684,0,11673912,11767.005920410156
722,-74,668,0,11698913,11792.046785354614
773,-64,712,0,11723919,11817.092895507812
733,-70,721,0,11748923,11842.015981674194
715,-72,748,0,11773930,11867.029905319214
610,-64,790,0,11798931,11892.005920410156
596,-59,828,0,11823937,11916.898727416992
521,-67,856,0,11848941,11941.967725753784
364,-26,923,0,11873949,11967.083930969238
232,-22,985,0,11898952,11992.11072921753
47,36,987,0,11923957,12017.063856124878
11,3,974,0,11948963,12042.093753814697
-164,38,977,0,11973971,12067.054748535156
-125,5,941,0,11998974,12091.997861862183
-40,29,799,0,12023978,12116.93286895752
-450,28,886,0,12048982,12142.064809799194
-537,69,857,0,12073982,12167.033910751343
-665,77,809,0,12098985,12191.971778869629
-682,89,774,0,12123997,12216.989994049072
-728,94,759,0,12149002,12242.010831832886
-761,105,748,0,12174004,12266.952991485596
-767,98,732,0,12199012,12292.003870010376
-782,104,713,0,12224014,12317.100048065186
-740,110,731,0,12249020,12342.106819152832
-677,88,767,0,12274024,12367.165803909302
-746,91,771,0,12299034,12392.169952392578
-628,70,833,0,12324038,12417.154788970947
-528,84,896,0,12349040,12442.181825637817
-411,33,904,0,12374049,12467.14186668396
-344,18,950,0,12399051,12492.175817489624
-95,41,973,0,12424058,12517.1377658844
-85,-10,959,0,12449063,12542.10877418518
33,-4,981,0,12474068,12567.221879959106
205,-28,974,0,12499071,12592.08083152771
280,-23,969,0,12524074,12617.063760757446
405,-46,922,0,12549074,12642.292022705078
478,-56,879,0,12574081,12666.90468788147
589,-43,859,0,12599089,12691.902875900269
625,-29,828,0,12624096,12717.079639434814
689,-53,782,0,12649100,12741.899967193604
664,-59,757,0,12674107,12766.984939575195
735,-65,739,0,12699111,12792.057752609253
710,-63,732,0,12724118,12817.00587272644
686,-91,754,0,12749122,12842.054843902588
709,-202,776,0,12774130,12867.113828659058
621,-34,777,0,12799133,12892.062902450562
631,18,793,0,12824140,12917.178869247437
541,-98,844,0,12849141,12942.095756530762
487,-37,895,0,12874143,12967.079877853394
331,-11,929,0,12899148,12992.039918899536
336,-51,941,0,12924151,13017.048835754395
181,-94,968,0,12949156,13042.020797729492
42,22,1045,0,12974159,13067.08288192749
-66,54,1008,0,12999163,13092.11802482605
-282,44,972,0,13024166,13116.962671279907
-313,44,949,0,13049170,13142.081022262573
-866,73,681,0,13074176,13167.175769805908
-393,22,878,0,13099180,13192.111730575562
-556,61,873,0,13124184,13217.146873474121
-554,60,815,0,13149191,13242.117881774902
-672,69,791,0,13174198,13267.019987106323
-688,84,779,0,13199202,13292.160987854004
-710,96,774,0,13224209,13317.081689834595
-779,81,778,0,13249214,13342.213869094849
-694,116,798,0,13274217,13367.17176437378
-642,91,800,0,13299217,13392.109870910645
-638,89,829,0,13324221,13417.073965072632
-575,76,853,0,13349232,13442.188739776611
-482,59,907,0,13374239,13467.221975326538
-400,47,941,0,13399243,13492.18773841858
-257,46,953,0,13424248,13517.0419216156
-195,56,1002,0,13449256,13542.115688323975
-126,34,998,0,13474265,13567.152738571167
35,2,976,0,13499268,13592.11277961731
52,-5,978,0,13524270,13617.156744003296
216,5,971,0,13549276,13642.154932022095
340,-36,948,0,13574280,13667.088747024536
331,-19,926,0,13599280,13692.24762916565
515,-51,881,0,13624283,13717.116832733154
607,-56,838,0,13649283,13742.11573600769
636,-58,809,0,13674290,13767.103910446167
640,-57,798,0,13699298,13792.166948318481
664,-60,781,0,13724298,13817.086935043335
669,-61,773,0,13749306,13842.15497970581
677,-80,775,0,13774308,13867.16890335083
718,-88,745,0,13799316,13892.11893081665
576,13,830,0,13824324,13916.996717453003
590,-50,840,0,13849331,13942.117929458618
480,-37,873,0,13874334,13967.137813568115
481,-60,896,0,13899342,13992.125988006592
347,-32,927,0,13924349,14017.165660858154
222,-13,963,0,13949356,14042.215824127197
114,43,1014,0,13974368,14067.378997802734
42,-13,1001,0,13999368,14092.007875442505
101,-39,992,0,14024371,14117.13981628418
-132,16,992,0,14049372,14142.154932022095
-191,32,974,0,14074374,14167.106866836548
-382,50,949,0,14099375,14192.221879959106
-521,23,915,0,14124378,14217.137813568115
-559,99,894,0,14149386,14242.982864379883
-587,83,854,0,14174393,14267.94695854187
-658,91,833,0,14199401,14292.075872421265
-648,76,814,0,14224408,14318.158864974976
-685,91,805,0,14249416,14343.06287765503
-635,87,820,0,14274423,14368.056774139404
-655,105,795,0,14299430,14393.002033233643
-639,84,836,0,14324434,14417.925834655762
-589,82,856,0,14349434,14442.9349899292
-499,69,889,0,14374441,14467.960834503174
-447,58,909,0,14399449,14492.941856384277
-389,24,927,0,14424452,14518.011808395386
-296,65,963,0,14449459,14542.914867401123
-241,33,988,0,14474466,14567.973852157593
-12,-6,992,0,14499474,14592.221975326538
43,-9,1000,0,14524474,14617.175817489624
107,-6,990,0,14549482,14642.948865890503
246,-25,965,0,14574489,14668.267011642456
230,-6,952,0,14599496,14692.182064056396
354,-46,917,0,14624503,14718.082666397095
450,-34,897,0,14649511,14742.905855178833
517,-61,863,0,14674518,14768.090724945068
529,-37,849,0,14699518,14792.972803115845
592,-53,833,0,14724521,14818.120956420898
613,-54,821,0,14749529,14843.110799789429
620,-54,815,0,14774532,14868.085861206055
621,-67,840,0,14799540,14893.159866333008
478,-12,868,0,14824547,14918.046951293945
568,-76,828,0,14849555,14943.037986755371
528,-60,857,0,14874558,14968.206882476807
449,-14,920,0,14899558,14993.12162399292
432,-60,934,0,14924566,15018.03183555603
314,-49,941,0,14949566,15043.04575920105
203,-18,973,0,14974569,15068.26376914978
149,-77,943,0,14999569,15093.09697151184
88,-21,996,0,15024576,15118.098974227905
59,101,1011,0,15049584,15143.182754516602
-176,29,985,0,15074591,15168.132781982422
-206,20,969,0,15099599,15193.15791130066
-387,66,955,0,15124602,15218.050003051758
-404,54,933,0,15149602,15243.395805358887
-534,95,893,0,15174606,15268.125772476196
-565,98,895,0,15199613,15293.103694915771
-540,65,854,0,15224620,15318.116903305054
-602,92,852,0,15249628,15342.90885925293
-610,70,842,0,15274631,15368.310928344727
-628,78,849,0,15299639,15393.10073852539
-565,74,841,0,15324639,15417.974948883057
-559,48,856,0,15349647,15443.042755126953
-478,73,901,0,15374654,15468.116998672485
-501,53,901,0,15399654,15493.119955062866
-425,83,945,0,15424657,15518.097877502441
-343,50,959,0,15449657,15543.0588722229
-255,29,984,0,15474664,15568.103790283203
-119,6,998,0,15499672,15593.034029006958
-61,1,998,0,15524672,15618.047952651978
23,-4,1004,0,15549679,15643.008947372437
104,-11,985,0,15574687,15667.9847240448
204,-17,963,0,15599694,15692.932844161987
269,-12,953,0,15624697,15718.040704727173
416,-41,932,0,15649698,15743.026971817017
422,-42,908,0,15674701,15768.003702163696
489,-48,892,0,15699708,15792.876720428467
530,-50,868,0,15724716,15818.006992340088
556,-50,857,0,15749723,15843.019962310791
560,-52,845,0,15774730,15867.976903915405
558,-47,852,0,15799738,15893.049716949463
577,-44,882,0,15824745,15918.113708496094
557,-53,827,0,15849753,15943.111896514893
617,-153,867,0,15874756,15968.17684173584
430,-35,911,0,15899757,15993.098020553589
381,-44,918,0,15924764,16018.069982528687
342,-49,947,0,15949764,16043.35880279541
303,-47,960,0,15974767,16068.112850189209
200,-45,960,0,15999767,16093.148946762085
16,5,986,0,16024775,16118.130922317505
-4,36,1006,0,16049778,16143.069982528687
-96,-16,990,0,16074782,16167.993783950806
-236,29,986,0,16099786,16193.058729171753
-182,32,976,0,16124789,16218.033790588379
-376,54,962,0,16149790,16243.193864822388
-410,51,934,0,16174798,16268.107891082764
-412,38,919,0,16199805,16293.104887008667
-520,66,905,0,16224808,16318.29571723938
-562,67,884,0,16249815,16343.162775039673
-546,92,879,0,16274821,16368.165731430054
-547,65,873,0,16299824,16393.098831176758
-573,62,884,0,16324831,16418.155908584595
-510,58,897,0,16349835,16443.023920059204
-534,66,897,0,16374842,16468.177795410156
-469,56,917,0,16399843,16493.039846420288
-416,65,953,0,16424849,16518.16177368164
-393,25,944,0,16449854,16543.145895004272
-292,24,967,0,16474860,16568.063020706177
-188,35,991,0,16499861,16593.07074546814
-76,-5,1011,0,16524868,16618.063926696777
-25,23,1009,0,16549873,16643.05281639099
86,-5,998,0,16574879,16668.129682540894
231,-18,1002,0,16599887,16693.123817443848
312,-61,948,0,16624893,16718.438863754272
266,-15,967,0,16649894,16743.100881576538
381,-60,915,0,16674901,16768.322706222534
410,-48,917,0,16699905,16793.11490058899
467,-47,908,0,16724912,16818.21584701538
489,-43,889,0,16749916,16843.137979507446
519,-49,884,0,16774923,16868.28589439392
522,-45,880,0,16799927,16893.314838409424
508,-43,883,0,16824934,16918.16282272339
519,-48,884,0,16849938,16943.12071800232
483,-94,876,0,16874942,16968.08886528015
532,-98,896,0,16899946,16993.123769760132
348,-17,945,0,16924949,17018.12982559204
330,-57,963,0,16949953,17043.059825897217
265,-70,937,0,16974956,17068.06993484497
214,-27,973,0,16999960,17093.1179523468
164,-61,973,0,17024967,17118.141889572144
-24,32,1002,0,17049967,17143.133878707886
-72,8,999,0,17074974,17168.37978363037
-192,33,1005,0,17099978,17193.16792488098
-194,22,999,0,17124982,17218.105792999268
-281,39,984,0,17149993,17243.211030960083
-356,48,958,0,17174997,17268.138885498047
-408,41,942,0,17199998,17293.293714523315
-385,-14,922,0,17224999,17318.203926086426
-513,88,931,0,17250006,17343.148708343506
-458,59,913,0,17275012,17368.175745010376
-507,50,886,0,17300020,17392.926931381226
-534,57,898,0,17325023,17418.02191734314
-495,64,909,0,17350025,17443.039894104004
-491,61,913,0,17375028,17467.92197227478
-432,56,944,0,17400038,17492.96474456787
-399,42,940,0,17425040,17517.964839935303
-314,60,975,0,17450049,17543.038845062256
-287,29,970,0,17475051,17568.04895401001
-207,17,980,0,17500059,17593.08385848999
-135,18,992,0,17525062,17618.027925491333
-64,18,1030,0,17550068,17643.146991729736
5,-3,995,0,17575071,17668.219804763794
73,-4,998,0,17600078,17693.047761917114
176,-30,984,0,17625085,17717.9856300354
250,-18,986,0,17650089,17742.99907684326
275,-12,967,0,17675096,17768.194675445557
385,-29,948,0,17700104,17793.120861053467
405,-38,933,0,17725110,17818.228006362915
448,-47,916,0,17750115,17843.199014663696
451,-33,912,0,17775122,17868.08180809021
471,-43,904,0,17800126,17893.107891082764
475,-40,905,0,17825133,17918.15185546875
475,-42,910,0,17850140,17943.280935287476
444,-43,918,0,17875147,17968.198776245117
421,-106,915,0,17900152,17993.216037750244
358,-44,952,0,17925159,18018.110990524292
318,-38,941,0,17950163,18043.134927749634
280,-35,964,0,17975170,18068.17102432251
141,-9,984,0,18000173,18093.349933624268
134,-28,983,0,18025177,18118.213891983032
15,1,1031,0,18050181,18143.049001693726
30,-22,1002,0,18075188,18168.3247089386
-96,9,998,0,18100192,18193.240880966187
-123,6,991,0,18125198,18218.199729919434
-264,30,976,0,18150203,18243.243932724
-248,26,970,0,18175206,18268.17274093628
-362,40,961,0,18200210,18293.193817138672
-387,36,943,0,18225217,18318.235874176025
-302,23,900,0,18250222,18343.191862106323
-485,68,937,0,18275228,18368.183851242065
-434,44,931,0,18300233,18393.230676651
-455,54,920,0,18325239,18418.19477081299
-578,117,901,0,18350243,18443.147897720337
-436,54,933,0,18375244,18468.18995475769
-426,54,950,0,18400246,18493.122816085815
-396,44,953,0,18425248,18518.345832824707
-296,32,961,0,18450256,18543.173789978027
-264,40,977,0,18475265,18568.155765533447
-205,35,991,0,18500268,18593.143701553345
-138,20,999,0,18525270,18618.165969848633
-90,5,1006,0,18550276,18643.054723739624
12,15,1001,0,18575283,18668.25294494629
98,-3,1015,0,18600287,18693.15481185913
100,-2,1013,0,18625294,18718.16086769104
251,-42,970,0,18650302,18743.083000183105
260,-35,971,0,18675305,18768.014669418335
301,-17,965,0,18700306,18793.099880218506
364,-32,955,0,18725308,18818.05181503296
392,-42,935,0,18750316,18843.121767044067
405,-42,927,0,18775319,18868.130683898926
421,-38,928,0,18800327,18893.28384399414
416,-37,922,0,18825334,18918.18380355835
417,-35,940,0,18850342,18943.27187538147
393,-38,934,0,18875349,18968.12391281128
373,-47,940,0,18900356,18993.233919143677
375,-63,930,0,18925368,19018.17297935486
278,-28,960,0,18950368,19043.280839920044
193,-43,959,0,18975375,19068.192958831787
237,-19,984,0,19000383,19093.281745910645
71,4,1017,0,19025386,19118.178844451904
134,-43,975,0,19050390,19143.23401451111
33,-22,979,0,19075393,19168.145895004272
-90,19,1020,0,19100393,19193.238973617554
-125,16,990,0,19125400,19218.202829360962
-141,22,1002,0,19150408,19243.295907974243
-210,27,980,0,19175408,19268.20397377014
-289,41,976,0,19200416,19293.37501525879
-376,44,959,0,19225418,19318.18175315857
-367,52,953,0,19250426,19343.202829360962
-397,50,933,0,19275429,19368.19100379944
-385,44,951,0,19300430,19393.146753311157
-402,44,925,0,19325433,19417.995929718018
-407,45,960,0,19350441,19442.930936813354
-432,48,947,0,19375444,19468.060970306396
-373,39,950,0,19400452,19493.040800094604
-401,48,962,0,19425459,19518.088817596436
-312,35,965,0,19450466,19543.0269241333
-245,45,986,0,19475474,19568.10188293457
-186,18,989,0,19500482,19593.069791793823
-133,15,996,0,19525484,19618.239879608154
-74,8,1001,0,19550485,19643.159866333008
-12,7,1014,0,19575488,19668.16782951355
7,-1,1018,0,19600496,19693.17674636841
146,-16,998,0,19625503,19718.246936798096
183,-39,980,0,19650510,19743.363857269287
192,-60,967,0,19675518,19768.19682121277
240,-13,999,0,19700518,19793.19977760315
333,-23,969,0,19725521,19819.091796875
369,-40,954,0,19750529,19843.252897262573
356,-31,956,0,19775532,19868.001699447632
379,-37,950,0,19800540,19894.27399635315
374,-33,946,0,19825543,19918.99275779724
383,-49,946,0,19850551,19944.07081604004
346,-30,946,0,19875554,19969.042778015137
330,-46,941,0,19900562,19993.952989578247
342,-30,964,0,19925569,20019.125938415527
287,-47,952,0,19950576,20044.026851654053
228,-54,961,0,19975584,20069.00668144226
141,-23,978,0,20000584,20094.038009643555
132,-36,985,0,20025587,20119.03476715088
79,-24,1006,0,20050595,20144.038915634155
-9,7,1017,0,20075598,20168.19405555725
-53,-10,1011,0,20100603,20194.123029708862
-75,10,996,0,20125606,20218.26982498169
-187,25,991,0,20150613,20244.025707244873
-242,26,987,0,20175620,20269.012928009033
-243,38,986,0,20200628,20294.071674346924
-318,50,985,0,20225635,20319.09990310669
-378,53,965,0,20250643,20343.918800354004
-330,34,938,0,20275646,20369.11177635193
-375,28,955,0,20300646,20393.937826156616
-372,36,959,0,20325649,20419.132947921753
-444,70,975,0,20350650,20444.108724594116
-287,44,968,0,20375653,20469.084978103638
-354,46,962,0,20400661,20494.070053100586
-284,34,970,0,20425664,20519.09303665161
-267,31,980,0,20450672,20544.01993751526
-224,42,1000,0,20475679,20569.00668144226
-190,21,998,0,20500686,20594.04683113098
-118,16,1009,0,20525694,20619.16494369507
-61,-5,1009,0,20550702,20644.01888847351
-11,7,1006,0,20575705,20669.13104057312
43,-27,995,0,20600713,20694.087982177734
72,-17,998,0,20625720,20718.989849090576
154,-28,989,0,20650720,20743.990898132324
220,-26,995,0,20675723,20769.057035446167
270,-23,982,0,20700723,20794.047832489014
313,-55,954,0,20725730,20819.143772125244
313,-26,972,0,20750738,20843.959093093872
320,-36,962,0,20775745,20869.15874481201
328,-34,958,0,20800753,20894.02174949646
332,-28,963,0,20825756,20919.137001037598
327,-38,969,0,20850756,20944.081783294678
324,-30,963,0,20875759,20969.17200088501
316,-51,953,0,20900760,20994.38166618347
251,-24,986,0,20925763,21019.115924835205
234,-30,970,0,20950771,21044.087648391724
156,0,1015,0,20975774,21069.10276412964
153,-11,1011,0,21000779,21094.0580368042
64,-9,1008,0,21025782,21119.051933288574
31,14,1010,0,21050782,21144.097805023193
-23,12,1029,0,21075790,21169.135808944702
-26,-3,1010,0,21100798,21194.108963012695
-60,7,1012,0,21125804,21219.011783599854
-157,23,1001,0,21150805,21243.968963623047
-166,11,1002,0,21175814,21269.057035446167
-222,14,988,0,21200821,21294.04592514038
-303,24,974,0,21225827,21319.063663482666
-298,32,975,0,21250828,21343.966960906982
-319,36,970,0,21275835,21369.11678314209
-257,9,953,0,21300839,21393.99766921997
-337,31,971,0,21325846,21419.12865638733
-329,45,977,0,21350847,21443.997859954834
-335,46,966,0,21375853,21469.125747680664
-307,32,979,0,21400861,21494.146823883057
-269,29,980,0,21425865,21519.089937210083
-223,31,994,0,21450872,21544.00897026062
-193,19,998,0,21475879,21569.132804870605
-156,21,997,0,21500880,21594.247817993164
-126,14,1005,0,21525886,21618.99495124817
-52,5,1000,0,21550890,21644.03200149536
-54,-11,989,0,21575897,21669.081687927246
64,-6,1006,0,21600904,21694.10467147827
73,-7,1008,0,21625911,21719.026803970337
133,-5,1018,0,21650916,21744.035720825195
155,-23,993,0,21675919,21769.076824188232
220,-19,995,0,21700923,21794.225931167603
237,-44,978,0,21725930,21819.042682647705
265,-25,980,0,21750931,21844.024658203125
271,-31,970,0,21775937,21869.133710861206
300,-27,977,0,21800941,21894.11997795105
290,-32,968,0,21825949,21919.05188560486
285,-32,975,0,21850949,21944.15283203125
272,-10,992,0,21875957,21969.07067298889
272,-33,977,0,21900960,21994.06886100769
238,-31,980,0,21925967,22019.001722335815
240,-34,987,0,21950971,22043.964862823486
183,-36,988,0,21975978,22068.9218044281
112,-24,997,0,22000982,22094.06590461731
88,-21,998,0,22025993,22119.053840637207
8,-4,1023,0,22050993,22144.20485496521
-19,-16,1000,0,22075997,22169.07286643982
5,-19,996,0,22100999,22194.100856781006
-118,17,1005,0,22126004,22218.93572807312
-181,34,1002,0,22151004,22244.051933288574
-174,20,1001,0,22176008,22269.12784576416
-247,22,1007,0,22201008,22294.04592514038
-240,22,1001,0,22226012,22318.938732147217
-263,26,985,0,22251015,22343.963861465454
-291,29,978,0,22276019,22369.060754776
-293,32,980,0,22301020,22394.113063812256
-268,17,974,0,22326023,22419.127702713013
-278,33,979,0,22351034,22444.204807281494
-307,29,961,0,22376038,22469.16675567627
-255,38,995,0,22401040,22494.160890579224
-231,30,990,0,22426046,22519.076824188232
-196,33,1002,0,22451049,22544.342041015625
-165,17,1003,0,22476051,22569.03076171875
-130,20,998,0,22501058,22594.010829925537
-96,2,1014,0,22526062,22619.144916534424
-82,19,1010,0,22551068,22644.015789031982
48,-9,1009,0,22576074,22669.113874435425
73,-29,994,0,22601081,22693.954706192017
37,-22,980,0,22626088,22719.071865081787
126,-23,992,0,22651096,22743.972778320312
175,-19,991,0,22676103,22769.100666046143
182,-22,993,0,22701107,22794.01183128357
207,-26,985,0,22726114,22819.159030914307
221,-22,986,0,22751119,22844.035863876343
242,-20,979,0,22776126,22868.883848190308
254,-25,984,0,22801133,22893.975734710693
248,-27,976,0,22826140,22919.057846069336
252,-29,988,0,22851144,22944.06485557556
246,-39,969,0,22876147,22969.035863876343
223,-38,972,0,22901151,22994.075775146484
181,-23,993,0,22926155,23019.083976745605
161,-21,995,0,22951159,23044.054985046387
140,-27,997,0,22976166,23069.01979446411
98,-14,1007,0,23001173,23094.022750854492
55,-12,1009,0,23026177,23119.05264854431
-1,-4,1007,0,23051181,23144.057750701904
-56,21,1020,0,23076188,23169.123888015747
-30,-18,997,0,23101192,23194.071769714355
-97,8,1003,0,23126199,23219.13480758667
-120,15,1008,0,23151206,23244.370937347412
-159,17,1003,0,23176210,23269.13285255432
-210,28,998,0,23201214,23294.21067237854
-221,28,989,0,23226220,23319.142818450928
-204,20,1000,0,23251229,23344.19584274292
-244,24,975,0,23276236,23369.160890579224
-254,31,977,0,23301239,23394.252061843872
-250,22,982,0,23326243,23419.127702713013
-259,27,988,0,23351245,23444.10800933838
-260,14,990,0,23376249,23469.087839126587
-199,49,1016,0,23401256,23494.098901748657
-186,34,1015,0,23426265,23519.1388130188
-162,22,1006,0,23451268,23544.11792755127
-131,19,1008,0,23476270,23569.105863571167
-107,6,1009,0,23501276,23594.120979309082
-70,7,1017,0,23526276,23619.155883789062
-29,8,1023,0,23551283,23643.996953964233
0,7,1014,0,23576291,23669.124841690063
-4,-2,1011,0,23601295,23694.150924682617
109,-9,1010,0,23626298,23719.16174888611
96,-16,1007,0,23651306,23744.455814361572
116,-14,1005,0,23676308,23769.162893295288
160,-6,1006,0,23701309,23794.148921966553
177,-26,1003,0,23726312,23819.1339969635
197,-23,988,0,23751320,23844.010829925537
204,-23,988,0,23776327,23869.17495727539
213,-26,985,0,23801335,23894.1388130188
200,-25,983,0,23826342,23918.99085044861
204,-51,962,0,23851349,23944.159984588623
202,-30,986,0,23876357,23969.075918197632
165,-23,997,0,23901368,23994.279861450195
203,-35,992,0,23926371,24019.121885299683
137,-32,992,0,23951371,24044.245958328247
85,-18,1005,0,23976379,24069.13471221924
56,-12,1003,0,24001386,24094.064950942993
26,-12,1022,0,24026393,24119.149684906006
-17,3,1025,0,24051401,24144.113779067993
-19,-8,1016,0,24076408,24169.09885406494
-45,-6,1000,0,24101416,24194.111824035645
-103,7,1010,0,24126422,24219.160795211792
-104,3,1007,0,24151430,24244.223833084106
-157,23,1007,0,24176430,24269.100666046143
-179,17,1005,0,24201437,24294.11792755127
-176,20,1006,0,24226445,24319.127798080444
-201,19,994,0,24251452,24344.072818756104
-212,18,996,0,24276460,24369.146823883057
-216,23,995,0,24301467,24394.343852996826
-209,18,992,0,24326474,24418.98274421692
-217,23,991,0,24351482,24444.010019302368
-218,31,996,0,24376489,24469.00773048401
-172,24,1010,0,24401496,24494.072675704956
-153,24,1012,0,24426499,24519.086837768555
-129,23,1011,0,24451500,24544.081926345825
-105,17,1019,0,24476503,24569.105863571167
-80,1,1006,0,24501511,24593.986749649048
-46,-1,1016,0,24526518,24619.1349029541
7,1,1020,0,24551521,24644.153833389282
15,2,1009,0,24576529,24669.092893600464
56,-16,1004,0,24601536,24694.06270980835
86,-20,1003,0,24626544,24719.209909439087
78,-9,1000,0,24651551,24744.0447807312
97,-6,1007,0,24676558,24769.202947616577
136,-18,1009,0,24701558,24794.991731643677
156,-20,995,0,24726565,24819.1077709198
162,-15,996,0,24751573,24844.10071372986
170,-21,1003,0,24776580,24869.972944259644
175,-18,994,0,24801588,24894.096851348877
165,-18,1000,0,24826591,24920.007944107056
231,-14,1000,0,24851591,24944.98085975647
143,-26,1002,0,24876599,24970.098972320557
130,-18,1004,0,24901606,24995.015859603882
118,-14,1002,0,24926606,25020.181894302368
86,-16,1008,0,24951613,25044.076681137085
80,-17,1003,0,24976621,25069.153785705566
81,-24,999,0,25001628,25094.104766845703
-3,4,1020,0,25026635,25119.194746017456
-13,-3,1010,0,25051643,25144.2608833313
-48,21,1023,0,25076649,25169.19779777527
-39,6,1009,0,25101657,25194.222688674927
-92,7,1006,0,25126665,25219.094038009644
-117,12,1010,0,25151672,25245.096921920776
-131,11,1013,0,25176675,25270.089864730835
-149,15,1013,0,25201676,25295.04680633545
-148,17,999,0,25226679,25320.12701034546
-172,16,999,0,25251687,25345.043897628784
-183,11,998,0,25276694,25369.998693466187
-177,14,1001,0,25301702,25395.034790039062
-173,20,1004,0,25326705,25420.13382911682
-152,10,1004,0,25351706,25444.958925247192
-154,11,1005,0,25376708,25470.048904418945
-136,14,1003,0,25401716,25495.03183364868
-113,18,1010,0,25426719,25520.025730133057
-102,9,1006,0,25451720,25544.973850250244
-75,9,1014,0,25476723,25569.073915481567
-47,6,1015,0,25501723,25594.082832336426
-33,7,1018,0,25526731,25619.102001190186
-39,5,1015,0,25551738,25644.021034240723
62,-23,997,0,25576746,25669.04878616333
24,-13,1013,0,25601752,25695.023775100708
67,-10,1014,0,25626760,25720.04199028015
73,-9,1010,0,25651767,25744.311094284058
92,-12,1008,0,25676774,25770.10679244995
116,-13,1003,0,25701782,25795.03107070923
127,-13,1001,0,25726785,25819.96488571167
137,-23,1008,0,25751794,25845.022916793823
135,-19,1001,0,25776798,25870.049715042114
134,-19,1002,0,25801805,25895.081996917725
126,-23,1002,0,25826814,25920.024871826172
114,-28,992,0,25851821,25945.011854171753
116,-19,1001,0,25876827,25970.134019851685
96,-19,1005,0,25901831,25995.01895904541
80,-23,1006,0,25926839,26020.07293701172
75,-15,1006,0,25951843,26045.06492614746
33,-5,1015,0,25976849,26070.093870162964
18,-3,1012,0,26001853,26095.038890838623
-9,-2,1018,0,26026860,26120.091915130615
-34,0,1016,0,26051865,26145.05696296692
-46,7,1010,0,26076868,26170.078992843628
-56,3,1019,0,26101872,26195.029973983765
-75,5,1011,0,26126879,26220.14284133911
-95,4,1022,0,26151880,26245.121002197266
-112,8,1008,0,26176886,26270.11775970459
-131,16,1009,0,26201890,26295.095682144165
-137,12,1007,0,26226897,26320.169925689697
-140,12,1012,0,26251905,26345.057010650635
-139,16,1006,0,26276912,26370.104789733887
-135,11,1003,0,26301916,26395.134925842285
-148,15,1010,0,26326919,26420.127868652344
-115,21,1015,0,26351924,26445.16396522522
-115,13,1002,0,26376927,26470.092058181763
-102,5,1011,0,26401934,26495.11981010437
-86,6,1014,0,26426941,26520.20788192749
-74,10,1010,0,26451949,26545.22967338562
-61,7,1014,0,26476956,26570.199728012085
-36,-3,1015,0,26501960,26595.139741897583
-31,-9,1013,0,26526963,26620.231866836548
-5,6,1015,0,26551967,26645.26081085205
0,-20,1010,0,26576974,26670.17388343811
14,-4,1008,0,26601978,26695.03903388977
56,-14,1016,0,26626985,26720.167875289917
70,-8,1004,0,26651994,26745.094776153564
75,-15,1010,0,26676997,26770.118951797485
87,-16,1019,0,26702004,26795.188903808594
98,-13,1010,0,26727008,26820.154905319214
96,-12,1012,0,26752012,26845.129013061523
97,-13,1016,0,26777016,26870.22590637207
97,-15,1010,0,26802024,26895.197868347168
91,-15,1007,0,26827028,26920.249700546265
80,-15,1009,0,26852035,26945.382833480835
97,-16,1011,0,26877041,26970.279932022095
68,-15,1010,0,26902046,26995.296001434326
59,-15,1018,0,26927049,27020.346879959106
28,-15,1007,0,26952058,27045.314073562622
12,-7,1009,0,26977062,27070.180892944336
-4,-8,1011,0,27002068,27095.15380859375
-16,-5,1011,0,27027071,27120.227813720703
-30,1,1014,0,27052078,27145.192861557007
-45,-5,1012,0,27077085,27170.347929000854
-53,5,1009,0,27102092,27195.274829864502
-67,6,1014,0,27127100,27220.340967178345
-88,9,1017,0,27152104,27245.30577659607
-87,9,1019,0,27177111,27270.164966583252
-102,8,1010,0,27202118,27295.083045959473
-103,8,1011,0,27227125,27320.194721221924
-99,7,1016,0,27252133,27345.127820968628
-101,0,1008,0,27277140,27370.20492553711
-106,7,1009,0,27302144,27395.190954208374
-78,6,1007,0,27327152,27420.153856277466
-90,7,1007,0,27352156,27445.199728012085
-77,11,1007,0,27377159,27470.215797424316
-69,7,1021,0,27402166,27495.10383605957
-56,7,1012,0,27427169,27520.188808441162
-48,2,1016,0,27452173,27545.069694519043
-28,-4,1014,0,27477180,27570.18494606018
-19,-1,1015,0,27502184,27595.1406955719
-13,-3,1009,0,27527188,27620.248794555664
13,-6,1012,0,27552191,27645.211935043335
29,-4,1016,0,27577196,27670.12095451355
25,-8,1012,0,27602199,27695.18995285034
44,-4,1013,0,27627203,27720.17192840576
51,-9,1023,0,27652206,27745.160818099976
59,-7,1013,0,27677213,27770.131826400757
58,-11,1009,0,27702217,27795.14479637146
64,-12,1010,0,27727228,27820.292711257935
61,-14,1014,0,27752233,27845.172882080078
63,-14,1016,0,27777239,27870.194911956787
59,-13,1021,0,27802243,27895.212650299072
35,-3,1028,0,27827248,27920.162677764893
52,-15,1019,0,27852256,27945.108890533447
37,-12,1014,0,27877265,27970.191717147827
39,-15,1013,0,27902268,27995.109796524048
23,-9,1011,0,27927270,28020.201921463013
12,-7,1013,0,27952276,28045.113801956177
-2,-12,1017,0,27977283,28070.228815078735
-14,0,1011,0,28002291,28095.21985054016
-21,1,1012,0,28027298,28120.172023773193
-41,2,1019,0,28052305,28145.082712173462
-42,4,1026,0,28077313,28170.178651809692
-52,5,1020,0,28102320,28195.217847824097
-58,7,1014,0,28127320,28220.247745513916
-67,-1,1011,0,28152327,28245.226860046387
-68,0,1017,0,28177335,28270.210027694702
-69,5,1010,0,28202342,28295.21369934082
-72,-2,1013,0,28227349,28320.194005966187
-67,7,1017,0,28252353,28345.152854919434
-67,6,1014,0,28277362,28370.056867599487
-66,4,1022,0,28302362,28394.940853118896
-56,1,1015,0,28327368,28419.951915740967
-53,0,1010,0,28352368,28445.077896118164
-45,0,1013,0,28377375,28470.032930374146
-38,-10,1016,0,28402383,28495.02182006836
-28,1,1019,0,28427386,28520.055055618286
-23,-4,1019,0,28452393,28545.111656188965
-13,-2,1018,0,28477400,28570.24097442627
-10,7,1021,0,28502408,28595.127820968628
-8,1,1020,0,28527416,28620.16487121582
-1,-10,1010,0,28552423,28645.196676254272
18,0,1020,0,28577429,28670.223712921143
21,0,1014,0,28602434,28695.090770721436
21,-5,1011,0,28627437,28720.273971557617
23,-4,1025,0,28652437,28745.193004608154
37,-2,1016,0,28677444,28770.23983001709
31,-5,1018,0,28702452,28795.206785202026
29,-11,1020,0,28727452,28820.25384902954
31,-10,1013,0,28752459,28845.12209892273
27,-4,1014,0,28777467,28870.200872421265
22,-12,1005,0,28802474,28895.245790481567
12,-10,1012,0,28827482,28920.24874687195
11,-13,1002,0,28852489,28945.119857788086
6,-4,1009,0,28877496,28970.236778259277
2,-13,1002,0,28902503,28995.167016983032
-4,-9,1020,0,28927510,29020.227670669556
-11,-3,1004,0,28952514,29045.23801803589
-10,-4,1021,0,28977518,29070.350885391235
-28,2,1021,0,29002526,29095.23892402649
-22,-4,1021,0,29027533,29120.216846466064
-28,-6,1012,0,29052540,29145.213842391968
-35,2,1015,0,29077547,29170.148849487305
-39,-2,1015,0,29102552,29195.051908493042
-33,-4,1018,0,29127555,29220.149993896484
-41,5,1015,0,29152562,29245.18871307373
-42,-1,1012,0,29177570,29270.224809646606
-37,-3,1016,0,29202577,29295.247793197632
-35,-2,1019,0,29227583,29320.224046707153
-38,8,1026,0,29252584,29345.30782699585
-33,-6,1014,0,29277592,29370.247840881348
-35,-6,1013,0,29302599,29395.11489868164
-38,1,1019,0,29327606,29420.06778717041
-26,7,1016,0,29352606,29445.021867752075
-20,-2,1021,0,29377613,29470.200777053833
-15,-3,1018,0,29402621,29495.14079093933
-12,3,1014,0,29427628,29520.215034484863
-7,2,1014,0,29452628,29545.110940933228
-6,-4,1017,0,29477636,29570.135831832886
-1,-13,1014,0,29502642,29595.256805419922
-1,-6,1017,0,29527646,29620.15676498413
0,2,1012,0,29552647,29645.23482322693
7,-5,1012,0,29577654,29670.063734054565
5,-9,1010,0,29602661,29695.153951644897
5,1,1019,0,29627668,29720.1988697052
2,4,1023,0,29652672,29745.24688720703
4,-3,1025,0,29677672,29770.265817642212
-4,-3,1010,0,29702679,29795.135974884033
-1,-4,1013,0,29727686,29820.254802703857
-1,-1,1021,0,29752690,29845.21484375
-3,-9,1013,0,29777693,29870.301961898804
-14,-7,1008,0,29802698,29895.293951034546
-8,-5,1016,0,29827701,29920.24874687195
-9,-5,1013,0,29852708,29945.183992385864
-14,-7,1003,0,29877716,29970.226764678955
-16,-6,1017,0,29902723,29995.226860046387
-16,-5,1013,0,29927730,30020.2898979187
-15,-2,1018,0,29952738,30045.21083831787
-17,-2,1020,0,29977742,30070.222854614258
-18,-1,1016,0,30002742,30095.256805419922
-12,-5,1015,0,30027746,30120.166778564453
-16,-7,1026,0,30052753,30145.192861557007
-17,-2,1016,0,30077756,30170.252799987793
-14,-2,1020,0,30102764,30195.26982307434
-11,-5,1021,0,30127767,30220.248699188232
-13,-7,1013,0,30152775,30245.264768600464
-14,-2,1013,0,30177778,30270.293951034546
-14,-1,1011,0,30202786,30295.1979637146
-11,-5,1018,0,30227790,30320.3227519989
-7,-8,1020,0,30252794,30345.213890075684
-9,-2,1011,0,30277798,30370.309829711914
-11,-1,1019,0,30302804,30396.18468284607
-2,0,1010,0,30327808,30420.257806777954
-5,-1,1009,0,30352818,30445.239782333374
-10,0,1014,0,30377824,30470.271825790405
-3,-6,1017,0,30402828,30495.128870010376
-2,-6,1018,0,30427832,30520.211935043335
-9,-2,1019,0,30452836,30545.243740081787
-13,3,1019,0,30477839,30570.178031921387
-10,-5,1010,0,30502843,30596.06981277466
-8,-8,1017,0,30527847,30620.213985443115
-14,-2,1011,0,30552850,30646.08883857727
-7,-3,1013,0,30577857,30670.235872268677
-11,-3,1014,0,30602861,30696.1190700531
-15,-7,1019,0,30627868,30721.182823181152
-19,-3,1010,0,30652873,30746.095895767212
-15,-6,1015,0,30677875,30771.1238861084
-14,-11,1012,0,30702880,30796.08392715454
-20,-2,1018,0,30727883,30821.17772102356
-16,-4,1013,0,30752887,30846.036911010742
-20,-2,1020,0,30777891,30871.142864227295
-17,1,1016,0,30802897,30895.20788192749
-15,-6,1026,0,30827905,30921.19288444519
-16,-5,1019,0,30852911,30946.180820465088
-16,-12,1010,0,30877916,30971.134901046753
-11,-6,1010,0,30902920,30996.134757995605
-15,-3,1018,0,30927927,31021.13676071167
-13,-1,1008,0,30952934,31046.15879058838
-8,-6,1017,0,30977937,31071.104049682617
-12,-2,1012,0,31002938,31096.155881881714
-6,2,1026,0,31027945,31120.231866836548
-7,-3,1012,0,31052953,31146.21067047119
-4,-2,1009,0,31077960,31171.1368560791
-9,-9,1014,0,31102967,31196.20394706726
-7,1,1015,0,31127970,31220.215797424316
-9,-5,1020,0,31152978,31246.14191055298
-8,-6,1012,0,31177985,31271.190881729126
-7,-4,1007,0,31202994,31296.218872070312
-9,-3,1014,0,31227997,31321.165800094604
-8,1,1014,0,31252998,31346.220016479492
-4,-8,1019,0,31278004,31371.1359500885
-14,-6,1025,0,31303006,31396.21090888977
-10,-8,1021,0,31328008,31421.182870864868
-13,-3,1017,0,31353012,31446.1567401886
-14,-5,1012,0,31378019,31471.14586830139
-12,-2,1014,0,31403024,31496.18673324585
-14,-1,1021,0,31428028,31521.127939224243
-11,-6,1014,0,31453038,31546.20885848999
-15,-4,1020,0,31478040,31571.200847625732
-17,-2,1018,0,31503040,31596.11964225769
-16,-1,1009,0,31528047,31621.164798736572
-19,-2,1014,0,31553049,31646.163940429688
-15,-9,1008,0,31578054,31671.148777008057
-16,-4,1013,0,31603058,31696.1510181427
-13,-2,1017,0,31628060,31721.186637878418
-16,-8,1014,0,31653062,31746.198892593384
-13,-4,1018,0,31678067,31771.178007125854
-14,0,1016,0,31703068,31796.015739440918
-15,-6,1024,0,31728071,31821.112871170044
-11,-10,1022,0,31753078,31846.12989425659
-14,-4,1019,0,31778078,31871.148824691772
-5,-4,1006,0,31803082,31896.055698394775
-11,-4,1013,0,31828089,31921.162843704224
-6,-5,1007,0,31853096,31946.168661117554
-8,-2,1020,0,31878103,31971.15969657898
-6,-2,1016,0,31903111,31996.09088897705
-10,-3,1022,0,31928111,32021.121978759766
-5,-7,1012,0,31953115,32046.093702316284
-8,0,1010,0,31978118,32071.10285758972
-9,-4,1021,0,32003122,32096.12798690796
-8,-9,1019,0,32028130,32121.10471725464
-11,-2,1016,0,32053133,32146.09384536743
-8,3,1013,0,32078136,32171.079874038696
-15,-5,1016,0,32103140,32196.11692428589
-9,-6,1019,0,32128147,32221.13585472107
-11,-7,1010,0,32153152,32246.145009994507
-26,3,1009,0,32178159,32271.16084098816
-10,4,1018,0,32203163,32296.13494873047
-16,-7,1014,0,32228166,32321.238040924072
-13,1,1018,0,32253170,32346.11678123474
-17,-2,1015,0,32278176,32371.11186981201
-7,-8,1016,0,32303181,32396.16584777832
-14,-6,1012,0,32328188,32421.103715896606
-18,2,1012,0,32353192,32446.11668586731
-16,-5,1017,0,32378198,32471.128702163696
-13,-5,1010,0,32403203,32496.068716049194
-16,-2,1010,0,32428210,32521.180868148804
-15,-3,1014,0,32453214,32546.08988761902
-13,-1,1012,0,32478217,32571.15387916565
-15,-6,1012,0,32503221,32596.097946166992
-13,-6,1018,0,32528228,32621.129989624023
-10,-1,1010,0,32553232,32646.135091781616
-11,0,1015,0,32578239,32671.146869659424
-11,0,1016,0,32603243,32696.080923080444
-11,-3,1010,0,32628248,32721.117973327637
-10,-5,1017,0,32653256,32746.095895767212
-10,-9,1017,0,32678265,32771.116733551025
-11,-7,1012,0,32703267,32796.03099822998
-12,-3,1014,0,32728270,32821.08974456787
-6,-2,1009,0,32753276,32846.09580039978
-3,-4,1011,0,32778276,32870.97978591919
-10,-7,1013,0,32803283,32896.08192443848
-6,-1,1016,0,32828286,32921.04768753052
-8,-4,1012,0,32853287,32946.064949035645
-11,-3,1012,0,32878291,32971.200942993164
-8,-6,1020,0,32903298,32996.08087539673
-13,-4,1013,0,32928305,33021.174907684326
-9,-7,1019,0,32953306,33046.03695869446
-10,-4,1015,0,32978312,33071.199893951416
-13,-3,1012,0,33003320,33096.07291221619
-16,-2,1019,0,33028327,33121.09065055847
-15,-9,1009,0,33053327,33146.00086212158
-14,-2,1013,0,33078334,33171.02885246277
-15,-7,1019,0,33103342,33196.11191749573
-17,-8,1013,0,33128349,33221.10986709595
-16,0,1016,0,33153353,33246.084690093994
-16,-11,1018,0,33178353,33271.07095718384
-13,-5,1018,0,33203362,33296.11086845398
-13,-8,1016,0,33228368,33321.20490074158
-13,-2,1018,0,33253368,33346.21071815491
-14,-3,1024,0,33278372,33371.15478515625
-13,-2,1011,0,33303379,33396.07095718384
-12,-2,1009,0,33328386,33421.19884490967
-13,1,1015,0,33353386,33446.16174697876
-11,-6,1013,0,33378393,33471.160888671875
-10,-9,1010,0,33403401,33496.070861816406
-10,-2,1017,0,33428408,33521.235942840576
-9,0,1007,0,33453408,33546.10466957092
-13,1,1014,0,33478416,33571.19369506836
-3,-2,1021,0,33503422,33596.186876297
-7,4,1015,0,33528430,33621.22178077698
-8,0,1007,0,33553437,33646.071672439575
-8,-2,1016,0,33578445,33671.15592956543
-11,-8,1010,0,33603452,33696.13289833069
-12,-4,1008,0,33628455,33721.2028503418
-9,-2,1014,0,33653463,33746.137857437134
-7,-2,1011,0,33678467,33771.172761917114
-9,-5,1014,0,33703474,33796.12684249878
-11,-3,1007,0,33728474,33821.234941482544
-10,-5,1013,0,33753482,33845.96586227417
-8,-6,1016,0,33778488,33870.97072601318
-12,-2,1015,0,33803492,33896.140813827515
-9,-9,1013,0,33828496,33921.04387283325
-12,-3,1011,0,33853499,33946.11978530884
-16,-2,1015,0,33878503,33971.05693817139
-15,3,1013,0,33903503,33996.09684944153
-15,-6,1017,0,33928511,34021.10695838928
-15,0,1010,0,33953518,34046.16975784302
-15,-1,1013,0,33978526,34071.15173339844
-17,-4,1021,0,34003533,34096.136808395386
-16,-5,1013,0,34028539,34121.16193771362
-12,-9,1019,0,34053540,34146.09384536743
-15,-7,1009,0,34078547,34171.17476463318
-11,-5,1017,0,34103547,34196.11072540283
-15,-2,1015,0,34128554,34221.226930618286
-12,-4,1016,0,34153562,34246.03486061096
-16,-2,1017,0,34178569,34271.193742752075
-16,-4,1019,0,34203569,34296.000957489014
-9,-13,1015,0,34228576,34321.157932281494
-9,-5,1019,0,34253580,34346.13490104675
-11,-7,1015,0,34278583,34371.13070487976
-8,5,1016,0,34303584,34396.04473114014
-7,-3,1014,0,34328592,34420.95685005188
-9,-3,1011,0,34353598,34446.09880447388
-12,-4,1010,0,34378606,34471.10199928284
-11,-2,1019,0,34403613,34496.097803115845
-6,-7,1019,0,34428620,34521.177768707275
-9,-8,1012,0,34453624,34546.12874984741
-10,-1,1016,0,34478628,34571.07877731323
-5,-4,1009,0,34503628,34596.15182876587
-9,-5,1007,0,34528635,34621.18196487427
-11,-7,1014,0,34553639,34646.06165885925
-12,-4,1014,0,34578642,34671.24676704407
-9,-5,1015,0,34603650,34696.11978530884
-12,-3,1016,0,34628657,34721.2438583374
-10,-6,1013,0,34653658,34746.19793891907
-13,-3,1011,0,34678664,34771.145820617676
-14,-4,1016,0,34703672,34796.26274108887
-13,-6,1014,0,34728679,34821.19393348694
-17,-5,1025,0,34753679,34846.149921417236
-14,1,1013,0,34778686,34871.22368812561
-15,-8,1031,0,34803694,34896.12078666687
-15,-6,1011,0,34828701,34921.22292518616
-15,-5,1016,0,34853701,34946.15387916565
-14,-5,1017,0,34878708,34971.20475769043
-11,-6,1017,0,34903712,34996.126890182495
-16,-4,1019,0,34928716,35021.21686935425
-11,-4,1013,0,34953723,35046.27203941345
-15,-7,1016,0,34978730,35071.20180130005
-15,-1,1017,0,35003738,35096.10867500305
-13,-8,1016,0,35028745,35121.25587463379
-8,-4,1012,0,35053746,35146.25096321106
-14,-4,1012,0,35078752,35171.19002342224
-7,0,1014,0,35103760,35196.186780929565
-12,-2,1018,0,35128767,35221.23694419861
-5,1,1012,0,35153775,35246.18601799011
-12,-4,1013,0,35178782,35271.19493484497
-7,-6,1019,0,35203791,35296.20099067688
-14,-8,1014,0,35228798,35321.20585441589
-5,-3,1017,0,35253805,35346.27079963684
-2,-5,1017,0,35278814,35371.161699295044
-18,-5,1009,0,35303821,35396.255016326904
1,-2,1011,0,35328827,35421.22173309326
-4,2,1020,0,35353831,35446.1989402771
-11,-3,1013,0,35378839,35471.195936203
-12,0,1011,0,35403846,35496.24180793762
-2,-1,1014,0,35428853,35521.20590209961
-14,-3,1018,0,35453857,35546.13780975342
-15,-3,1014,0,35478860,35571.19274139404
-5,0,1016,0,35503865,35596.19879722595
-5,1,1017,0,35528872,35621.164083480835
-18,-8,1018,0,35553880,35646.1718082428
-14,-2,1016,0,35578883,35671.170711517334
-3,-3,1020,0,35603887,35696.199893951416
-15,-5,1012,0,35628891,35721.22073173523
-18,-6,1017,0,35653897,35746.15669250488
-10,-3,1007,0,35678901,35771.21186256409
-10,-6,1015,0,35703911,35796.188831329346
-17,-7,1017,0,35728916,35821.19607925415
-14,-4,1011,0,35753920,35846.230030059814
-11,-6,1014,0,35778927,35871.21677398682
-18,-3,1008,0,35803934,35896.29888534546
-14,-4,1014,0,35828937,35921.273708343506
-13,-7,1013,0,35853945,35946.28190994263
-8,-1,1029,0,35878952,35971.30799293518
-16,0,1024,0,35903960,35996.2477684021
-14,-3,1016,0,35928964,36022.1209526062
-9,-3,1023,0,35953968,36046.303033828735
-14,1,1007,0,35978970,36071.202754974365
-11,0,1012,0,36003974,36096.25864028931
-8,-4,1010,0,36028981,36121.26898765564
-7,-2,1017,0,36053985,36146.31772041321
-9,-3,1013,0,36078993,36171.30088806152
-5,-5,1017,0,36103997,36196.21396064758
-6,2,1013,0,36128998,36221.312046051025
-9,0,1025,0,36154002,36246.28782272339
-15,-1,1010,0,36179004,36272.196769714355
-4,-2,1013,0,36204006,36296.25082015991
-7,-8,1017,0,36229008,36321.23684883118
-6,-3,1016,0,36254016,36346.24195098877
-15,-1,1016,0,36279024,36372.08294868469
-12,-4,1011,0,36304034,36397.21584320068
-6,-4,1011,0,36329041,36421.54598236084
-12,-13,1013,0,36354040,36447.038888931274
-14,0,1009,0,36379047,36471.107721328735
-11,-2,1015,0,36404051,36497.04694747925
-10,-8,1016,0,36429054,36522.03893661499
-18,-4,1024,0,36454058,36547.048807144165
-13,-2,1020,0,36479060,36571.932792663574
-13,-3,1014,0,36504062,36597.07498550415
-15,-8,1015,0,36529067,36622.05386161804
-11,-5,1016,0,36554068,36647.08471298218
-16,-5,1012,0,36579074,36672.09768295288
-8,-9,1019,0,36604081,36696.985721588135
-13,-5,1014,0,36629089,36722.10097312927
-16,-5,1016,0,36654096,36747.03884124756
-15,-8,1011,0,36679104,36772.00675010681
-13,-5,1015,0,36704111,36796.93007469177
-17,-5,1014,0,36729114,36822.075843811035
-13,-5,1017,0,36754119,36846.967697143555
-12,-6,1020,0,36779126,36871.99592590332
-22,-9,1023,0,36804133,36897.07374572754
-11,-2,1028,0,36829136,36922.13201522827
-6,-4,1016,0,36854144,36947.1549987793
-14,-5,1010,0,36879144,36972.04875946045
-10,-9,1003,0,36904147,36997.09701538086
-7,-4,1010,0,36929151,37022.10092544556
2,-2,1024,0,36954151,37047.04999923706
-15,-6,1016,0,36979159,37072.0489025116
-15,-2,1012,0,37004163,37097.163915634155
-2,-10,1021,0,37029170,37122.220039367676
-5,-3,1013,0,37054173,37147.11284637451
-15,-4,1016,0,37079181,37172.11294174194
-14,-2,1015,0,37104185,37197.08490371704
-5,-6,1010,0,37129188,37222.16606140137
-9,-4,1018,0,37154192,37247.0178604126
-15,-4,1010,0,37179195,37272.098779678345
-13,2,1016,0,37204199,37297.05882072449
-12,0,1013,0,37229203,37322.16286659241
-9,-6,1025,0,37254207,37347.16081619263
-13,-3,1013,0,37279209,37372.0908164978
-5,-6,1029,0,37304213,37397.18294143677
-6,-8,1032,0,37329217,37421.97585105896
-15,1,1031,0,37354222,37446.97690010071
-17,5,1021,0,37379232,37472.134828567505
-12,0,1007,0,37404236,37497.074842453
-13,-13,1007,0,37429243,37522.05681800842
-20,-3,1009,0,37454246,37547.16086387634
-16,-3,1014,0,37479249,37572.160959243774
-16,-4,1017,0,37504253,37597.105741500854
-16,-6,1012,0,37529256,37622.036933898926
-13,-6,1015,0,37554261,37647.16577529907
-13,-3,1009,0,37579267,37672.05572128296
-12,-1,1014,0,37604267,37697.04985618591
-13,-7,1012,0,37629270,37722.216844558716
-15,-3,1023,0,37654276,37747.211933135986
-10,-1,1015,0,37679276,37772.167921066284
-12,-5,1019,0,37704276,37797.170877456665
-5,-6,1021,0,37729283,37822.17288017273
-11,-3,1017,0,37754287,37847.137689590454
-10,-1,1017,0,37779290,37872.16591835022
-14,-4,1022,0,37804294,37897.045850753784
-10,-4,1012,0,37829298,37922.07479476929
-11,-1,1015,0,37854298,37947.11971282959
-6,-4,1026,0,37879305,37972.23973274231
-8,-7,1015,0,37904309,37997.07078933716
-10,-3,1013,0,37929312,38022.16196060181
-13,-3,1021,0,37954316,38047.21999168396
-13,0,1014,0,37979319,38072.14593887329
-8,-3,1024,0,38004324,38097.12886810303
-9,-7,1015,0,38029327,38122.13492393494
-11,-10,1017,0,38054334,38147.15600013733
-10,-3,1020,0,38079338,38172.16491699219
-11,-4,1015,0,38104342,38197.1697807312
-11,-2,1018,0,38129345,38222.14674949646
-11,-10,1019,0,38154353,38247.074842453
-15,-2,1013,0,38179356,38272.103786468506
-11,-5,1015,0,38204362,38296.995878219604
-13,0,1017,0,38229368,38322.12996482849
-11,1,1016,0,38254368,38347.07188606262
